Workbook

Sheet gurobi
A1: Instance | B1: time_1 | C1: time_2 | D1: time_3 | E1: time_4 | F1: time_5 | G1: time_6 | H1: time_7 | I1: time_8 | J1: time_9 | K1: time_10 | L1: cost | M1: gap
A2: (2, 2, 4, 1) | B2: 0 | C2: 0.02 | D2: 0 | E2: 0 | F2: 0.02 | G2: 0 | H2: 0.02 | I2: 0 | J2: 0 | K2: 0 | L2: 28554.02 | M2: 0
A3: (5, 4, 10, 1) | B3: 0.03 | C3: 0.02 | D3: 0.02 | E3: 0.05 | F3: 0.02 | G3: 0.02 | H3: 0.02 | I3: 0.02 | J3: 0.06 | K3: 0.06 | L3: 61402.88 | M3: 6.7e-05
A4: (10, 8, 20, 2) | B4: 0.33 | C4: 0.3 | D4: 0.33 | E4: 0.33 | F4: 0.39 | G4: 0.33 | H4: 0.3 | I4: 0.28 | J4: 0.3 | K4: 0.48 | L4: 192817.2 | M4: 9.9e-05
A5: (15, 20, 30, 1) | B5: 3.03 | C5: 2.86 | D5: 2.84 | E5: 2.89 | F5: 2.72 | G5: 2.8 | H5: 2.83 | I5: 3.06 | J5: 2.67 | K5: 2.92 | L5: 290932.3 | M5: 4.8e-05
A6: (25, 50, 70, 2) | B6: 116.16 | C6: 128.45 | D6: 123.7 | E6: 128.66 | F6: 129.91 | G6: 128.55 | H6: 133.06 | I6: 133.52 | J6: 133.09 | K6: 128.17 | L6: 710215.25 | M6: 0
A7: (70, 120, 100, 3) | B7: 646.81 | C7: 678.86 | D7: 748.56 | E7: 710.08 | F7: 977.73 | G7: 1025.17 | H7: 774.86 | I7: 1030.7 | J7: 1053.55 | K7: 513.23 | L7: 1374194.4 | M7: 0.001
A8: (100, 120, 100, 4) | B8: 1672.39 | C8: 1033.09 | D8: 985.86 | E8: 1017.84 | F8: 1043.89 | G8: 839.36 | H8: 1958.77 | I8: 732.67 | J8: 745.95 | K8: 782.64 | L8: 1907714.3 | M8: 0.0016
A9: (150, 120, 130, 4) | B9: 3980.02 | C9: 1913.55 | D9: 2101.44 | E9: 3344.53 | F9: 2159.22 | G9: 4236.36 | H9: 2052.48 | I9: 2674.78 | J9: 2802.53 | K9: 1964.47 | L9: 2230454.1 | M9: 0.006
A10: (200 130, 150, 5) | B10: 6979.64 | C10: 8071.2 | D10: 10467.88 | E10: 8208.31 | F10: 5195.03 | G10: 7207.39 | H10: 6371.33 | I10: 4532.47 | J10: 5503.8 | K10: 4557.2 | L10: 3526470.9 | M10: 8.1e-05
A11: (300, 140, 170, 5)
A12: (400, 150, 170 ,6)
A13: (600, 150, 200, 6)

Sheet vns
A1: Instance | B1: time_1 | C1: time_2 | D1: time_3 | E1: time_4 | F1: time_5 | G1: time_6 | H1: time_7 | I1: time_8 | J1: time_9 | K1: time_10 | L1: cost_1 | M1: cost_2 | N1: cost_3 | O1: cost_4 | P1: cost_5 | Q1: cost_6 | R1: cost_7 | S1: cost_8 | T1: cost_9 | U1: cost_10
A2: =gurobi!A2 -> (2, 2, 4, 1) | B2: 0 | C2: 0.02 | D2: 0.02 | E2: 0.02 | F2: 0.02 | G2: 0.02 | H2: 0.02 | I2: 0.02 | J2: 0 | K2: 0 | L2: 28554.02 | M2: 28554.02 | N2: 28554.02 | O2: 28554.02 | P2: 28554.02 | Q2: 28554.02 | R2: 28554.02 | S2: 28554.02 | T2: 28554.02 | U2: 28554.02
A3: =gurobi!A3 -> (5, 4, 10, 1) | B3: 0.05 | C3: 0.05 | D3: 0.03 | E3: 0.05 | F3: 0.05 | G3: 0.05 | H3: 0.05 | I3: 0.03 | J3: 0.05 | K3: 0.05 | L3: 61411.52 | M3: 61402.05 | N3: 61404.51 | O3: 61424.07 | P3: 61402.05 | Q3: 61403.82 | R3: 61402.05 | S3: 61405.36 | T3: 61424.07 | U3: 61403.82
A4: =gurobi!A4 -> (10, 8, 20, 2) | B4: 0.2 | C4: 0.19 | D4: 0.2 | E4: 0.19 | F4: 0.2 | G4: 0.19 | H4: 0.2 | I4: 0.19 | J4: 0.19 | K4: 0.2 | L4: 192857.02 | M4: 192846.27 | N4: 192856.15 | O4: 192842.51 | P4: 192825.13 | Q4: 192843.64 | R4: 192867.44 | S4: 192856.15 | T4: 192884.08 | U4: 192872.82
A5: =gurobi!A5 -> (15, 20, 30, 1) | B5: 1.23 | C5: 1.22 | D5: 1.36 | E5: 1.17 | F5: 1.19 | G5: 1.08 | H5: 1.27 | I5: 1.23 | J5: 1.16 | K5: 1.22 | L5: 291904.17 | M5: 291263.86 | N5: 290950.53 | O5: 291144.53 | P5: 291543.15 | Q5: 290936.46 | R5: 291477.56 | S5: 292439.37 | T5: 291150.51 | U5: 291290.58
A6: =gurobi!A6 -> (25, 50, 70, 2) | B6: 19.52 | C6: 20.47 | D6: 19.11 | E6: 19.36 | F6: 19.31 | G6: 20 | H6: 20.41 | I6: 19.52 | J6: 20.69 | K6: 19.75 | L6: 723284.68 | M6: 714035.71 | N6: 719929.95 | O6: 715054.11 | P6: 714593.66 | Q6: 726714.47 | R6: 719481.75 | S6: 717993.5 | T6: 712159.6 | U6: 715419.4
A7: =gurobi!A7 -> (70, 120, 100, 3) | B7: 61.23 | C7: 56.41 | D7: 59.12 | E7: 61.31 | F7: 95.75 | G7: 54.33 | H7: 59.89 | I7: 50.58 | J7: 59 | K7: 57.45 | L7: 1388376.5 | M7: 1388355.6 | N7: 1388215.4 | O7: 1382598.1 | P7: 1391922.7 | Q7: 1391143.9 | R7: 1390704 | S7: 1410890.8 | T7: 1385373.3 | U7: 1389960.2
A8: =gurobi!A8 -> (100, 120, 100, 4) | B8: 196.38 | C8: 165.25 | D8: 199.86 | L8: 1915676.1 | M8: 1933737.8 | N8: 1942692.2
A9: =gurobi!A9 -> (150, 120, 130, 4)
A10: =gurobi!A10 -> (200 130, 150, 5)
A11: =gurobi!A11 -> (300, 140, 170, 5) | B11: 1921.17 | C11: 1588.64 | D11: 1419.77 | E11: 1042.33 | F11: 1287.62 | G11: 1274.77 | H11: 1414.16 | I11: 1470.75 | J11: 1167.70 | L11: 4326299.94 | M11: 4370946.37 | N11: 4340219.54 | O11: 4386255.65 | P11: 4361183.17 | Q11: 4364451.50 | R11: 4339039.96 | S11: 4334098.06 | T11: 4335936.39
A12: =gurobi!A12 -> (400, 150, 170 ,6)
A13: =gurobi!A13 -> (600, 150, 200, 6)

Sheet vns-ql
A1: Instance | B1: time_1 | C1: time_2 | D1: time_3 | E1: time_4 | F1: time_5 | G1: time_6 | H1: time_7 | I1: time_8 | J1: time_9 | K1: time_10 | L1: cost_1 | M1: cost_2 | N1: cost_3 | O1: cost_4 | P1: cost_5 | Q1: cost_6 | R1: cost_7 | S1: cost_8 | T1: cost_9 | U1: cost_10
A2: =gurobi!A2 -> (2, 2, 4, 1) | C2: 0.08 | M2: 28554.02
A3: =gurobi!A3 -> (5, 4, 10, 1) | C3: 0.2 | M3: 61403.82
A4: =gurobi!A4 -> (10, 8, 20, 2) | C4: 0.89 | M4: 192846.27
A5: =gurobi!A5 -> (15, 20, 30, 1) | C5: 3.45 | M5: 290975.89
A6: =gurobi!A6 -> (25, 50, 70, 2) | C6: 54.56 | M6: 711158.43
A7: =gurobi!A7 -> (70, 120, 100, 3) | C7: 121.73 | M7: 1375625.9
A8: =gurobi!A8 -> (100, 120, 100, 4) | C8: 145.8 | M8: 1910534.0
A9: =gurobi!A9 -> (150, 120, 130, 4) | C9: 324.61 | M9: 2231138.6
A10: =gurobi!A10 -> (200 130, 150, 5) | C10: 478.5 | M10: 3532140.5
A11: =gurobi!A11 -> (300, 140, 170, 5) | C11: 535.31 | M11: 4371947.4
A12: =gurobi!A12 -> (400, 150, 170 ,6) | C12: 1660.67 | M12: 5677458.8
A13: =gurobi!A13 -> (600, 150, 200, 6)

Sheet as
A1: Instance | B1: time_1 | C1: time_2 | D1: time_3 | E1: time_4 | F1: time_5 | G1: time_6 | H1: time_7 | I1: time_8 | J1: time_9 | K1: time_10 | L1: cost_1 | M1: cost_2 | N1: cost_3 | O1: cost_4 | P1: cost_5 | Q1: cost_6 | R1: cost_7 | S1: cost_8 | T1: cost_9 | U1: cost_10
A2: (2, 3, 4, 1) | C2: 0.02 | M2: 28554.02
A3: (5, 4, 10, 1) | C3: 0.11 | M3: 61404.51
A4: (10, 15, 20, 1) | C4: 0.55 | M4: 192860.78
A5: (15, 20, 30, 1) | C5: 2.33 | M5: 291738.36
A6: (25, 50, 70, 2) | C6: 26.7 | M6: 713225.65
A7: (50, 70, 100, 2) | C7: 70.47 | M7: 1379630.1
A8: (70, 100, 100, 3) | C8: 112.62 | M8: 1912370.5
A9: =gurobi!A9 -> (150, 120, 130, 4) | C9: 171.45 | M9: 2236807.1
A10: =gurobi!A10 -> (200 130, 150, 5) | C10: 379.66 | M10: 3545839
A11: =gurobi!A11 -> (300, 140, 170, 5) | C11: 315.86 | M11: 4316730.7
A12: =gurobi!A12 -> (400, 150, 170 ,6) | C12: 444 | M12: 5657525.1
A13: =gurobi!A13 -> (600, 150, 200, 6)

Sheet as-ql
A1: Instance | B1: time_1 | C1: time_2 | D1: time_3 | E1: time_4 | F1: time_5 | G1: time_6 | H1: time_7 | I1: time_8 | J1: time_9 | K1: time_10 | L1: cost_1 | M1: cost_2 | N1: cost_3 | O1: cost_4 | P1: cost_5 | Q1: cost_6 | R1: cost_7 | S1: cost_8 | T1: cost_9 | U1: cost_10
A2: (2, 3, 4, 1)
A3: (5, 4, 10, 1)
A4: (10, 15, 20, 1)
A5: (15, 20, 30, 1)
A6: (25, 50, 70, 2)
A7: (50, 70, 100, 2)
A8: (70, 100, 100, 3)
A9: =gurobi!A9 -> (150, 120, 130, 4)
A10: =gurobi!A10 -> (200 130, 150, 5)
A11: =gurobi!A11 -> (300, 140, 170, 5)
A12: =gurobi!A12 -> (400, 150, 170 ,6)
A13: =gurobi!A13 -> (600, 150, 200, 6)
